INSERT INTO `tbl_users`(`u_id`, `u_nombre`, `u_apellido`, `u_edad`, `u_tel`, `u_munid`, `u_dui`, `u_nit`, `u_carnet`, `u_mail`, `u_carreraid`, `u_role`, `u_datereg`, `created_at`, `updated_at`) VALUES ('415e1af7ea95f89f4e375162b21ae38c','Ronald','Abarca','23','123456',0,'123456789','987654321','25159920','r@gmail.com','5e69be5e65229fe155ca9b8023b531ec','2c0e4baac41dc6801f635cf6b32d4fa1','2023-04-06 21:21:09','2023-04-06 21:21:09','2023-04-06 21:21:09');

INSERT INTO `tbl_cuentas`(`carnet_id`, `c_userid`, `c_pass`, `c_alternativepass`, `c_datereg`, `created_at`, `updated_at`) VALUES ('25159920','415e1af7ea95f89f4e375162b21ae38c','1dc90e80c77fe245a82ea7ed30d1f849','0c3d04888c1ee40a7ee86fb989eba6a9','2023-04-06 21:21:09','2023-04-06 21:21:09','2023-04-06 21:21:09');

INSERT INTO `tbl_tokenusers`(`id_tkn`, `user_id`, `token_id`, `token_time`, `expiration_time`, `created_at`, `updated_at`) VALUES ('1','25159920','1','2023-06-02 19:21:09','2023-06-02 23:21:11','2023-06-02 19:21:09','2023-06-02 19:21:09');



INSERT INTO `tbl_users`(`u_id`, `u_nombre`, `u_apellido`, `u_edad`, `u_tel`, `u_munid`, `u_dui`, `u_nit`, `u_carnet`, `u_mail`, `u_carreraid`, `u_role`, `u_datereg`, `created_at`, `updated_at`) VALUES ('027e4180beedb29744413a7ea6b84a42','Henry','Guzman','20','76458812',0,'987456321','98784564','25534720','h@gmail.com','b0849f5b5fb7ab62389b297bedfcb6cf','2c0e4baac41dc6801f635cf6b32d4fa1','2023-04-06 21:21:09','2023-04-06 21:21:09','2023-04-06 21:21:09');

INSERT INTO `tbl_cuentas`(`carnet_id`, `c_userid`, `c_pass`, `c_alternativepass`, `c_datereg`, `created_at`, `updated_at`) VALUES ('25534720','027e4180beedb29744413a7ea6b84a42','eed23196e62f8b98b6fd2ea881fec77a','a1a51b2e3f03f16561f1bfe359a77a50','2023-04-06 21:21:09','2023-04-06 21:21:09','2023-04-06 21:21:09');

INSERT INTO `tbl_tokenusers`(`id_tkn`, `user_id`, `token_id`, `token_time`, `expiration_time`, `created_at`, `updated_at`) VALUES ('2','25534720','2','2023-06-02 19:21:09','2023-06-02 23:21:11','2023-06-02 19:21:09','2023-06-02 19:21:09');



INSERT INTO `tbl_users`(`u_id`, `u_nombre`, `u_apellido`, `u_edad`, `u_tel`, `u_munid`, `u_dui`, `u_nit`, `u_carnet`, `u_mail`, `u_carreraid`, `u_role`, `u_datereg`, `created_at`, `updated_at`) VALUES ('8fbb8264c5040ec3ef3320336afa435a','Evelyn','Andrade','21','76978812',0,'985356321','98784564','25223820','e@gmail.com','6ab029ee825537bfecfbec1cc7d02347','2c0e4baac41dc6801f635cf6b32d4fa1','2023-04-06 21:21:09','2023-04-06 21:21:09','2023-04-06 21:21:09');

INSERT INTO `tbl_cuentas`(`carnet_id`, `c_userid`, `c_pass`, `c_alternativepass`, `c_datereg`, `created_at`, `updated_at`) VALUES ('25223820','8fbb8264c5040ec3ef3320336afa435a','a57c2e82f05ebce22109b3ada72a3f65','0320116b2af221a6f673f93925b3fc62','2023-04-06 21:21:09','2023-04-06 21:21:09','2023-04-06 21:21:09');

INSERT INTO `tbl_tokenusers`(`id_tkn`, `user_id`, `token_id`, `token_time`, `expiration_time`, `created_at`, `updated_at`) VALUES ('3','25223820','3','2023-06-02 19:21:09','2023-06-02 23:21:11','2023-06-02 19:21:09','2023-06-02 19:21:09');



INSERT INTO `tbl_users`(`u_id`, `u_nombre`, `u_apellido`, `u_edad`, `u_tel`, `u_munid`, `u_dui`, `u_nit`, `u_carnet`, `u_mail`, `u_carreraid`, `u_role`, `u_datereg`, `created_at`, `updated_at`) VALUES ('2cff03e4b9eb85b3bf5e924ccdc1348d','Wendy','Claros','22','87978817',0,'985356321','98784564','25037820','w@gmail.com','d9d1d92ddaf6be2892a45a6c5fb6d862','2c0e4baac41dc6801f635cf6b32d4fa1','2023-04-06 21:21:09','2023-04-06 21:21:09','2023-04-06 21:21:09');

INSERT INTO `tbl_cuentas`(`carnet_id`, `c_userid`, `c_pass`, `c_alternativepass`, `c_datereg`, `created_at`, `updated_at`) VALUES ('25037820','2cff03e4b9eb85b3bf5e924ccdc1348d','f8862b27f1c17f14c690205d04507a30','a237a247a278c3472c7d7230c31ac000','2023-04-06 21:21:09','2023-04-06 21:21:09','2023-04-06 21:21:09');

INSERT INTO `tbl_tokenusers`(`id_tkn`, `user_id`, `token_id`, `token_time`, `expiration_time`, `created_at`, `updated_at`) VALUES ('4','25037820','4','2023-06-02 19:21:09','2023-06-02 23:21:11','2023-06-02 19:21:09','2023-06-02 19:21:09');




INSERT INTO `tbl_users`(`u_id`, `u_nombre`, `u_apellido`, `u_edad`, `u_tel`, `u_munid`, `u_dui`, `u_nit`, `u_carnet`, `u_mail`, `u_carreraid`, `u_role`, `u_datereg`, `created_at`, `updated_at`) VALUES ('3b812175a3bbca97b079857d20ee12f1','Kevin','Guardado','23','63975370',0,'985356321','98784564','25094420','k@gmail.com','e10800d901f3df7dc0f42d38a2218a51','2c0e4baac41dc6801f635cf6b32d4fa1','2023-04-06 21:21:09','2023-04-06 21:21:09','2023-04-06 21:21:09');

INSERT INTO `tbl_cuentas`(`carnet_id`, `c_userid`, `c_pass`, `c_alternativepass`, `c_datereg`, `created_at`, `updated_at`) VALUES ('25094420','3b812175a3bbca97b079857d20ee12f1','1d430d0a0757ca4b16a57dbc5c436353','705f09f5246f935efd5f1f6ce304bc1f','2023-04-06 21:21:09','2023-04-06 21:21:09','2023-04-06 21:21:09');

INSERT INTO `tbl_tokenusers`(`id_tkn`, `user_id`, `token_id`, `token_time`, `expiration_time`, `created_at`, `updated_at`) VALUES ('5','25094420','5','2023-06-02 19:21:09','2023-06-02 23:21:11','2023-06-02 19:21:09','2023-06-02 19:21:09');


